Time_Key,Timestamp,Temp_UNAM,Temp_BME,Temp_Calibrated,Diff_Temp,Diff_Calibrated,Abs_Diff_Temp,Pct_Error_Temp,Global_MAPE,Global_Pearson,Global_RMSE,Global_R2
2026-02-11 09:25:00,2026-02-11 09:24:43,17.6800,16.7000,16.8700,-0.9800,-0.8100,0.9800,5.5430,24.9858,0.8470,3.4498,0.5296
2026-02-11 08:39:00,2026-02-11 08:39:16,15.1300,15.5000,15.6700,0.3700,0.5400,0.3700,2.4455,24.9858,0.8470,3.4498,0.5296
2026-02-11 08:24:00,2026-02-11 08:24:14,15.4600,13.3000,13.4700,-2.1600,-1.9900,2.1600,13.9715,24.9858,0.8470,3.4498,0.5296
2026-02-11 08:09:00,2026-02-11 08:09:03,13.7400,11.6000,11.7700,-2.1400,-1.9700,2.1400,15.5750,24.9858,0.8470,3.4498,0.5296
2026-02-11 07:24:00,2026-02-11 07:23:40,10.6000,8.3000,8.4700,-2.3000,-2.1300,2.3000,21.6981,24.9858,0.8470,3.4498,0.5296
2026-02-11 06:23:00,2026-02-11 06:23:24,10.1800,8.1000,8.2700,-2.0800,-1.9100,2.0800,20.4322,24.9858,0.8470,3.4498,0.5296
2026-02-11 06:08:00,2026-02-11 06:08:24,10.4700,8.3000,8.4700,-2.1700,-2.0000,2.1700,20.7259,24.9858,0.8470,3.4498,0.5296
2026-02-11 05:53:00,2026-02-11 05:53:24,10.3700,8.3000,8.4700,-2.0700,-1.9000,2.0700,19.9614,24.9858,0.8470,3.4498,0.5296
2026-02-11 04:38:00,2026-02-11 04:37:54,11.1800,9.2000,9.3700,-1.9800,-1.8100,1.9800,17.7102,24.9858,0.8470,3.4498,0.5296
2026-02-11 04:23:00,2026-02-11 04:22:54,11.4300,8.9000,9.0700,-2.5300,-2.3600,2.5300,22.1347,24.9858,0.8470,3.4498,0.5296
2026-02-11 04:08:00,2026-02-11 04:07:55,12.0300,9.4000,9.5700,-2.6300,-2.4600,2.6300,21.8620,24.9858,0.8470,3.4498,0.5296
2026-02-11 03:53:00,2026-02-11 03:52:55,12.3800,10.1000,10.2700,-2.2800,-2.1100,2.2800,18.4168,24.9858,0.8470,3.4498,0.5296
2026-02-11 03:38:00,2026-02-11 03:37:56,12.4800,10.6000,10.7700,-1.8800,-1.7100,1.8800,15.0641,24.9858,0.8470,3.4498,0.5296
2026-02-11 03:23:00,2026-02-11 03:22:57,12.4200,10.3000,10.4700,-2.1200,-1.9500,2.1200,17.0692,24.9858,0.8470,3.4498,0.5296
2026-02-11 03:08:00,2026-02-11 03:07:58,12.6900,10.4000,10.5700,-2.2900,-2.1200,2.2900,18.0457,24.9858,0.8470,3.4498,0.5296
2026-02-11 02:53:00,2026-02-11 02:52:59,12.9200,11.2000,11.3700,-1.7200,-1.5500,1.7200,13.3127,24.9858,0.8470,3.4498,0.5296
2026-02-11 02:38:00,2026-02-11 02:37:59,15.3700,13.3000,13.4700,-2.0700,-1.9000,2.0700,13.4678,24.9858,0.8470,3.4498,0.5296
2026-02-11 01:23:00,2026-02-11 01:22:32,14.8900,11.8000,11.9700,-3.0900,-2.9200,3.0900,20.7522,24.9858,0.8470,3.4498,0.5296
2026-02-11 01:08:00,2026-02-11 01:07:33,15.0400,12.2000,12.3700,-2.8400,-2.6700,2.8400,18.8830,24.9858,0.8470,3.4498,0.5296
2026-02-11 00:52:00,2026-02-11 00:52:28,15.5200,13.7000,13.8700,-1.8200,-1.6500,1.8200,11.7268,24.9858,0.8470,3.4498,0.5296
2026-02-11 00:37:00,2026-02-11 00:37:29,15.7600,14.3000,14.4700,-1.4600,-1.2900,1.4600,9.2640,24.9858,0.8470,3.4498,0.5296
2026-02-11 00:22:00,2026-02-11 00:22:30,15.7500,14.2000,14.3700,-1.5500,-1.3800,1.5500,9.8413,24.9858,0.8470,3.4498,0.5296
2026-02-11 00:08:00,2026-02-11 00:07:30,15.5400,13.8000,13.9700,-1.7400,-1.5700,1.7400,11.1969,24.9858,0.8470,3.4498,0.5296
2026-02-10 23:53:00,2026-02-10 23:52:32,15.9400,14.0000,14.1700,-1.9400,-1.7700,1.9400,12.1706,24.9858,0.8470,3.4498,0.5296
2026-02-10 22:22:00,2026-02-10 22:21:54,17.7800,15.6000,15.7700,-2.1800,-2.0100,2.1800,12.2610,24.9858,0.8470,3.4498,0.5296
2026-02-10 22:07:00,2026-02-10 22:06:56,18.9300,17.1000,17.2700,-1.8300,-1.6600,1.8300,9.6672,24.9858,0.8470,3.4498,0.5296
2026-02-10 21:52:00,2026-02-10 21:51:56,19.8600,18.6000,18.7700,-1.2600,-1.0900,1.2600,6.3444,24.9858,0.8470,3.4498,0.5296
2026-02-10 21:37:00,2026-02-10 21:36:56,20.0000,19.1000,19.2700,-0.9000,-0.7300,0.9000,4.5000,24.9858,0.8470,3.4498,0.5296
2026-02-10 21:22:00,2026-02-10 21:21:58,20.3000,19.5000,19.6700,-0.8000,-0.6300,0.8000,3.9409,24.9858,0.8470,3.4498,0.5296
2026-02-10 21:07:00,2026-02-10 21:06:59,20.6400,19.9000,20.0700,-0.7400,-0.5700,0.7400,3.5853,24.9858,0.8470,3.4498,0.5296
2026-02-10 20:22:00,2026-02-10 20:21:43,20.3700,19.4000,19.5700,-0.9700,-0.8000,0.9700,4.7619,24.9858,0.8470,3.4498,0.5296
2026-02-10 20:07:00,2026-02-10 20:06:38,20.2200,17.8000,17.9700,-2.4200,-2.2500,2.4200,11.9683,24.9858,0.8470,3.4498,0.5296
2026-02-10 19:51:00,2026-02-10 19:51:24,20.8300,18.9000,19.0700,-1.9300,-1.7600,1.9300,9.2655,24.9858,0.8470,3.4498,0.5296
2026-02-10 18:51:00,2026-02-10 18:51:08,22.9400,21.4000,21.5700,-1.5400,-1.3700,1.5400,6.7132,24.9858,0.8470,3.4498,0.5296
2026-02-10 18:06:00,2026-02-10 18:05:53,24.8800,24.4000,24.5700,-0.4800,-0.3100,0.4800,1.9293,24.9858,0.8470,3.4498,0.5296
2026-02-10 17:51:00,2026-02-10 17:50:50,26.0000,25.3000,25.4700,-0.7000,-0.5300,0.7000,2.6923,24.9858,0.8470,3.4498,0.5296
2026-02-10 16:50:00,2026-02-10 16:50:27,27.1500,27.3000,27.4700,0.1500,0.3200,0.1500,0.5525,24.9858,0.8470,3.4498,0.5296
2026-02-10 07:14:00,2026-02-10 07:14:29,7.3330,5.0000,5.1700,-2.3330,-2.1630,2.3330,31.8151,24.9858,0.8470,3.4498,0.5296
2026-02-10 06:59:00,2026-02-10 06:59:19,7.1970,5.1000,5.2700,-2.0970,-1.9270,2.0970,29.1371,24.9858,0.8470,3.4498,0.5296
2026-02-10 06:44:00,2026-02-10 06:43:53,7.1900,5.0000,5.1700,-2.1900,-2.0200,2.1900,30.4590,24.9858,0.8470,3.4498,0.5296
2026-02-10 06:29:00,2026-02-10 06:28:51,7.3950,4.6000,4.7700,-2.7950,-2.6250,2.7950,37.7958,24.9858,0.8470,3.4498,0.5296
2026-02-10 06:14:00,2026-02-10 06:13:49,7.5850,4.3000,4.4700,-3.2850,-3.1150,3.2850,43.3092,24.9858,0.8470,3.4498,0.5296
2026-02-10 05:59:00,2026-02-10 05:58:47,6.8950,4.7000,4.8700,-2.1950,-2.0250,2.1950,31.8347,24.9858,0.8470,3.4498,0.5296
2026-02-10 05:44:00,2026-02-10 05:43:49,7.3190,4.9000,5.0700,-2.4190,-2.2490,2.4190,33.0510,24.9858,0.8470,3.4498,0.5296
2026-02-10 05:29:00,2026-02-10 05:28:42,7.6770,4.5000,4.6700,-3.1770,-3.0070,3.1770,41.3834,24.9858,0.8470,3.4498,0.5296
2026-02-10 05:14:00,2026-02-10 05:13:38,8.3600,5.6000,5.7700,-2.7600,-2.5900,2.7600,33.0144,24.9858,0.8470,3.4498,0.5296
2026-02-10 04:59:00,2026-02-10 04:58:38,8.4400,5.6000,5.7700,-2.8400,-2.6700,2.8400,33.6493,24.9858,0.8470,3.4498,0.5296
2026-02-10 04:44:00,2026-02-10 04:43:39,8.2800,4.8000,4.9700,-3.4800,-3.3100,3.4800,42.0290,24.9858,0.8470,3.4498,0.5296
2026-02-10 04:29:00,2026-02-10 04:28:41,8.4200,5.0000,5.1700,-3.4200,-3.2500,3.4200,40.6176,24.9858,0.8470,3.4498,0.5296
2026-02-10 04:14:00,2026-02-10 04:13:41,8.9600,6.1000,6.2700,-2.8600,-2.6900,2.8600,31.9196,24.9858,0.8470,3.4498,0.5296
2026-02-10 03:59:00,2026-02-10 03:58:42,8.7300,5.7000,5.8700,-3.0300,-2.8600,3.0300,34.7079,24.9858,0.8470,3.4498,0.5296
2026-02-10 03:44:00,2026-02-10 03:43:41,8.4200,5.6000,5.7700,-2.8200,-2.6500,2.8200,33.4917,24.9858,0.8470,3.4498,0.5296
2026-02-10 03:29:00,2026-02-10 03:28:36,8.8400,6.3000,6.4700,-2.5400,-2.3700,2.5400,28.7330,24.9858,0.8470,3.4498,0.5296
2026-02-10 02:59:00,2026-02-10 02:58:36,9.6100,7.2000,7.3700,-2.4100,-2.2400,2.4100,25.0780,24.9858,0.8470,3.4498,0.5296
2026-02-10 02:44:00,2026-02-10 02:43:36,9.5800,6.9000,7.0700,-2.6800,-2.5100,2.6800,27.9749,24.9858,0.8470,3.4498,0.5296
2026-02-10 02:29:00,2026-02-10 02:28:36,9.7400,7.2000,7.3700,-2.5400,-2.3700,2.5400,26.0780,24.9858,0.8470,3.4498,0.5296
2026-02-10 02:14:00,2026-02-10 02:13:37,10.3500,7.4000,7.5700,-2.9500,-2.7800,2.9500,28.5024,24.9858,0.8470,3.4498,0.5296
2026-02-10 01:59:00,2026-02-10 01:58:35,11.2200,8.0000,8.1700,-3.2200,-3.0500,3.2200,28.6988,24.9858,0.8470,3.4498,0.5296
2026-02-10 01:44:00,2026-02-10 01:43:37,10.9700,8.4000,8.5700,-2.5700,-2.4000,2.5700,23.4275,24.9858,0.8470,3.4498,0.5296
2026-02-10 01:29:00,2026-02-10 01:28:36,11.3300,8.8000,8.9700,-2.5300,-2.3600,2.5300,22.3301,24.9858,0.8470,3.4498,0.5296
2026-02-10 01:14:00,2026-02-10 01:13:37,11.8100,9.3000,9.4700,-2.5100,-2.3400,2.5100,21.2532,24.9858,0.8470,3.4498,0.5296
2026-02-10 00:59:00,2026-02-10 00:58:39,12.0700,9.8000,9.9700,-2.2700,-2.1000,2.2700,18.8070,24.9858,0.8470,3.4498,0.5296
2026-02-10 00:44:00,2026-02-10 00:43:34,11.3000,9.5000,9.6700,-1.8000,-1.6300,1.8000,15.9292,24.9858,0.8470,3.4498,0.5296
2026-02-10 00:28:00,2026-02-10 00:28:29,11.4800,9.6000,9.7700,-1.8800,-1.7100,1.8800,16.3763,24.9858,0.8470,3.4498,0.5296
2026-02-10 00:14:00,2026-02-10 00:13:31,12.4900,10.6000,10.7700,-1.8900,-1.7200,1.8900,15.1321,24.9858,0.8470,3.4498,0.5296
2026-02-09 23:59:00,2026-02-09 23:58:32,12.7300,9.6000,9.7700,-3.1300,-2.9600,3.1300,24.5876,24.9858,0.8470,3.4498,0.5296
2026-02-09 23:44:00,2026-02-09 23:43:34,13.4000,10.0000,10.1700,-3.4000,-3.2300,3.4000,25.3731,24.9858,0.8470,3.4498,0.5296
2026-02-09 23:29:00,2026-02-09 23:28:31,13.2500,10.7000,10.8700,-2.5500,-2.3800,2.5500,19.2453,24.9858,0.8470,3.4498,0.5296
2026-02-09 23:14:00,2026-02-09 23:13:32,14.1000,13.1000,13.2700,-1.0000,-0.8300,1.0000,7.0922,24.9858,0.8470,3.4498,0.5296
2026-02-09 22:58:00,2026-02-09 22:58:30,14.7900,13.3000,13.4700,-1.4900,-1.3200,1.4900,10.0744,24.9858,0.8470,3.4498,0.5296
2026-02-09 22:43:00,2026-02-09 22:43:29,15.0400,13.3000,13.4700,-1.7400,-1.5700,1.7400,11.5691,24.9858,0.8470,3.4498,0.5296
2026-02-09 21:58:00,2026-02-09 21:58:11,16.0300,14.6000,14.7700,-1.4300,-1.2600,1.4300,8.9208,24.9858,0.8470,3.4498,0.5296
2026-02-09 21:43:00,2026-02-09 21:43:10,16.6900,14.9000,15.0700,-1.7900,-1.6200,1.7900,10.7250,24.9858,0.8470,3.4498,0.5296
2026-02-09 21:28:00,2026-02-09 21:28:11,17.2300,15.7000,15.8700,-1.5300,-1.3600,1.5300,8.8799,24.9858,0.8470,3.4498,0.5296
2026-02-09 21:13:00,2026-02-09 21:13:11,18.2200,16.7000,16.8700,-1.5200,-1.3500,1.5200,8.3425,24.9858,0.8470,3.4498,0.5296
2026-02-09 20:28:00,2026-02-09 20:27:58,19.3500,18.8000,18.9700,-0.5500,-0.3800,0.5500,2.8424,24.9858,0.8470,3.4498,0.5296
2026-02-09 19:43:00,2026-02-09 19:42:50,20.5900,19.9000,20.0700,-0.6900,-0.5200,0.6900,3.3511,24.9858,0.8470,3.4498,0.5296
2026-02-09 19:28:00,2026-02-09 19:27:44,21.0100,20.5000,20.6700,-0.5100,-0.3400,0.5100,2.4274,24.9858,0.8470,3.4498,0.5296
2026-02-09 19:13:00,2026-02-09 19:12:45,20.0900,19.3000,19.4700,-0.7900,-0.6200,0.7900,3.9323,24.9858,0.8470,3.4498,0.5296
2026-02-09 18:58:00,2026-02-09 18:57:43,20.5000,19.1000,19.2700,-1.4000,-1.2300,1.4000,6.8293,24.9858,0.8470,3.4498,0.5296
2026-02-09 17:27:00,2026-02-09 17:26:44,24.4600,24.0000,24.1700,-0.4600,-0.2900,0.4600,1.8806,24.9858,0.8470,3.4498,0.5296
2026-02-09 16:56:00,2026-02-09 16:56:21,25.0200,25.4000,25.5700,0.3800,0.5500,0.3800,1.5188,24.9858,0.8470,3.4498,0.5296
2026-02-09 08:52:00,2026-02-09 08:51:39,12.9300,12.8000,12.9700,-0.1300,0.0400,0.1300,1.0054,24.9858,0.8470,3.4498,0.5296
2026-02-09 08:37:00,2026-02-09 08:36:34,13.3200,11.6000,11.7700,-1.7200,-1.5500,1.7200,12.9129,24.9858,0.8470,3.4498,0.5296
2026-02-09 08:22:00,2026-02-09 08:21:32,11.4200,10.0000,10.1700,-1.4200,-1.2500,1.4200,12.4343,24.9858,0.8470,3.4498,0.5296
2026-02-09 08:06:00,2026-02-09 08:06:29,10.0400,8.7000,8.8700,-1.3400,-1.1700,1.3400,13.3466,24.9858,0.8470,3.4498,0.5296
2026-02-09 07:36:00,2026-02-09 07:36:16,7.4100,5.2000,5.3700,-2.2100,-2.0400,2.2100,29.8246,24.9858,0.8470,3.4498,0.5296
2026-02-09 07:21:00,2026-02-09 07:21:13,6.9780,4.7000,4.8700,-2.2780,-2.1080,2.2780,32.6455,24.9858,0.8470,3.4498,0.5296
2026-02-09 07:06:00,2026-02-09 07:06:11,6.9010,3.9000,4.0700,-3.0010,-2.8310,3.0010,43.4865,24.9858,0.8470,3.4498,0.5296
2026-02-09 06:51:00,2026-02-09 06:51:11,6.9100,4.3000,4.4700,-2.6100,-2.4400,2.6100,37.7713,24.9858,0.8470,3.4498,0.5296
2026-02-09 06:36:00,2026-02-09 06:36:10,6.6600,4.4000,4.5700,-2.2600,-2.0900,2.2600,33.9339,24.9858,0.8470,3.4498,0.5296
2026-02-09 06:21:00,2026-02-09 06:21:10,7.0330,4.6000,4.7700,-2.4330,-2.2630,2.4330,34.5941,24.9858,0.8470,3.4498,0.5296
2026-02-09 06:06:00,2026-02-09 06:06:06,7.2310,4.0000,4.1700,-3.2310,-3.0610,3.2310,44.6826,24.9858,0.8470,3.4498,0.5296
2026-02-09 05:51:00,2026-02-09 05:51:05,7.3210,4.3000,4.4700,-3.0210,-2.8510,3.0210,41.2649,24.9858,0.8470,3.4498,0.5296
2026-02-09 05:36:00,2026-02-09 05:36:05,7.3360,4.7000,4.8700,-2.6360,-2.4660,2.6360,35.9324,24.9858,0.8470,3.4498,0.5296
2026-02-09 05:21:00,2026-02-09 05:21:06,7.6410,5.0000,5.1700,-2.6410,-2.4710,2.6410,34.5635,24.9858,0.8470,3.4498,0.5296
2026-02-09 05:06:00,2026-02-09 05:06:07,7.5490,4.9000,5.0700,-2.6490,-2.4790,2.6490,35.0907,24.9858,0.8470,3.4498,0.5296
2026-02-09 04:51:00,2026-02-09 04:51:07,7.8600,5.1000,5.2700,-2.7600,-2.5900,2.7600,35.1145,24.9858,0.8470,3.4498,0.5296
2026-02-09 04:36:00,2026-02-09 04:36:09,7.9570,4.6000,4.7700,-3.3570,-3.1870,3.3570,42.1893,24.9858,0.8470,3.4498,0.5296
2026-02-09 04:21:00,2026-02-09 04:21:09,7.5490,5.1000,5.2700,-2.4490,-2.2790,2.4490,32.4414,24.9858,0.8470,3.4498,0.5296
2026-02-09 04:06:00,2026-02-09 04:06:09,8.3700,5.7000,5.8700,-2.6700,-2.5000,2.6700,31.8996,24.9858,0.8470,3.4498,0.5296
2026-02-09 03:21:00,2026-02-09 03:20:54,9.1300,6.4000,6.5700,-2.7300,-2.5600,2.7300,29.9014,24.9858,0.8470,3.4498,0.5296
2026-02-09 03:06:00,2026-02-09 03:05:53,9.3800,6.3000,6.4700,-3.0800,-2.9100,3.0800,32.8358,24.9858,0.8470,3.4498,0.5296
2026-02-09 02:51:00,2026-02-09 02:50:51,8.5900,5.9000,6.0700,-2.6900,-2.5200,2.6900,31.3155,24.9858,0.8470,3.4498,0.5296
2026-02-09 02:36:00,2026-02-09 02:35:53,9.0500,6.6000,6.7700,-2.4500,-2.2800,2.4500,27.0718,24.9858,0.8470,3.4498,0.5296
2026-02-09 02:21:00,2026-02-09 02:20:52,9.6900,7.1000,7.2700,-2.5900,-2.4200,2.5900,26.7286,24.9858,0.8470,3.4498,0.5296
2026-02-09 02:06:00,2026-02-09 02:05:53,9.6000,6.5000,6.6700,-3.1000,-2.9300,3.1000,32.2917,24.9858,0.8470,3.4498,0.5296
2026-02-09 01:51:00,2026-02-09 01:50:53,10.0600,7.2000,7.3700,-2.8600,-2.6900,2.8600,28.4294,24.9858,0.8470,3.4498,0.5296
2026-02-09 01:36:00,2026-02-09 01:35:56,10.3700,8.2000,8.3700,-2.1700,-2.0000,2.1700,20.9257,24.9858,0.8470,3.4498,0.5296
2026-02-09 01:21:00,2026-02-09 01:20:57,10.7400,9.0000,9.1700,-1.7400,-1.5700,1.7400,16.2011,24.9858,0.8470,3.4498,0.5296
2026-02-09 00:05:00,2026-02-09 00:05:29,12.7900,11.6000,11.7700,-1.1900,-1.0200,1.1900,9.3041,24.9858,0.8470,3.4498,0.5296
2026-02-08 23:50:00,2026-02-08 23:50:27,13.2300,11.6000,11.7700,-1.6300,-1.4600,1.6300,12.3205,24.9858,0.8470,3.4498,0.5296
2026-02-08 23:35:00,2026-02-08 23:35:28,13.8700,12.3000,12.4700,-1.5700,-1.4000,1.5700,11.3194,24.9858,0.8470,3.4498,0.5296
2026-02-08 23:20:00,2026-02-08 23:20:29,14.1300,12.9000,13.0700,-1.2300,-1.0600,1.2300,8.7049,24.9858,0.8470,3.4498,0.5296
2026-02-08 23:05:00,2026-02-08 23:05:29,14.6400,13.0000,13.1700,-1.6400,-1.4700,1.6400,11.2022,24.9858,0.8470,3.4498,0.5296
2026-02-08 22:50:00,2026-02-08 22:50:30,15.0600,13.5000,13.6700,-1.5600,-1.3900,1.5600,10.3586,24.9858,0.8470,3.4498,0.5296
2026-02-08 22:05:00,2026-02-08 22:05:11,15.8900,13.6000,13.7700,-2.2900,-2.1200,2.2900,14.4116,24.9858,0.8470,3.4498,0.5296
2026-02-08 21:50:00,2026-02-08 21:50:12,16.2800,14.7000,14.8700,-1.5800,-1.4100,1.5800,9.7052,24.9858,0.8470,3.4498,0.5296
2026-02-08 21:19:00,2026-02-08 21:19:28,16.9700,16.2000,16.3700,-0.7700,-0.6000,0.7700,4.5374,24.9858,0.8470,3.4498,0.5296
2026-02-08 21:04:00,2026-02-08 21:04:29,17.3700,16.4000,16.5700,-0.9700,-0.8000,0.9700,5.5843,24.9858,0.8470,3.4498,0.5296
2026-02-08 20:50:00,2026-02-08 20:49:31,17.4900,16.3000,16.4700,-1.1900,-1.0200,1.1900,6.8039,24.9858,0.8470,3.4498,0.5296
2026-02-08 20:34:00,2026-02-08 20:34:28,17.9000,16.7000,16.8700,-1.2000,-1.0300,1.2000,6.7039,24.9858,0.8470,3.4498,0.5296
2026-02-08 20:20:00,2026-02-08 20:19:30,18.2600,17.0000,17.1700,-1.2600,-1.0900,1.2600,6.9003,24.9858,0.8470,3.4498,0.5296
2026-02-08 20:04:00,2026-02-08 20:04:29,18.9500,17.6000,17.7700,-1.3500,-1.1800,1.3500,7.1240,24.9858,0.8470,3.4498,0.5296
2026-02-08 19:50:00,2026-02-08 19:49:30,19.2700,18.1000,18.2700,-1.1700,-1.0000,1.1700,6.0716,24.9858,0.8470,3.4498,0.5296
2026-02-08 19:35:00,2026-02-08 19:34:32,20.0100,19.1000,19.2700,-0.9100,-0.7400,0.9100,4.5477,24.9858,0.8470,3.4498,0.5296
2026-02-08 19:04:00,2026-02-08 19:04:27,20.9400,20.2000,20.3700,-0.7400,-0.5700,0.7400,3.5339,24.9858,0.8470,3.4498,0.5296
2026-02-08 18:49:00,2026-02-08 18:49:29,21.4100,20.5000,20.6700,-0.9100,-0.7400,0.9100,4.2504,24.9858,0.8470,3.4498,0.5296
2026-02-08 18:35:00,2026-02-08 18:34:31,21.4800,18.3000,18.4700,-3.1800,-3.0100,3.1800,14.8045,24.9858,0.8470,3.4498,0.5296
2026-02-08 18:20:00,2026-02-08 18:19:32,22.5800,20.4000,20.5700,-2.1800,-2.0100,2.1800,9.6546,24.9858,0.8470,3.4498,0.5296
2026-02-08 18:05:00,2026-02-08 18:04:36,23.6400,22.3000,22.4700,-1.3400,-1.1700,1.3400,5.6684,24.9858,0.8470,3.4498,0.5296
2026-02-08 15:03:00,2026-02-08 15:03:14,25.2000,24.5000,24.6700,-0.7000,-0.5300,0.7000,2.7778,24.9858,0.8470,3.4498,0.5296
2026-02-08 14:48:00,2026-02-08 14:48:15,23.7600,23.6000,23.7700,-0.1600,0.0100,0.1600,0.6734,24.9858,0.8470,3.4498,0.5296
2026-02-08 14:33:00,2026-02-08 14:33:17,22.9900,23.1000,23.2700,0.1100,0.2800,0.1100,0.4785,24.9858,0.8470,3.4498,0.5296
2026-02-08 14:18:00,2026-02-08 14:18:17,23.7100,23.3000,23.4700,-0.4100,-0.2400,0.4100,1.7292,24.9858,0.8470,3.4498,0.5296
2026-02-08 14:03:00,2026-02-08 14:03:18,23.9200,23.4000,23.5700,-0.5200,-0.3500,0.5200,2.1739,24.9858,0.8470,3.4498,0.5296
2026-02-08 13:48:00,2026-02-08 13:48:18,23.1900,23.0000,23.1700,-0.1900,-0.0200,0.1900,0.8193,24.9858,0.8470,3.4498,0.5296
2026-02-08 13:33:00,2026-02-08 13:33:18,22.7600,22.5000,22.6700,-0.2600,-0.0900,0.2600,1.1424,24.9858,0.8470,3.4498,0.5296
2026-02-08 13:18:00,2026-02-08 13:18:18,21.8500,21.9000,22.0700,0.0500,0.2200,0.0500,0.2288,24.9858,0.8470,3.4498,0.5296
2026-02-08 13:03:00,2026-02-08 13:03:18,22.9600,22.2000,22.3700,-0.7600,-0.5900,0.7600,3.3101,24.9858,0.8470,3.4498,0.5296
2026-02-08 12:48:00,2026-02-08 12:48:17,21.2900,20.9000,21.0700,-0.3900,-0.2200,0.3900,1.8318,24.9858,0.8470,3.4498,0.5296
2026-02-08 12:33:00,2026-02-08 12:33:20,21.2900,21.4000,21.5700,0.1100,0.2800,0.1100,0.5167,24.9858,0.8470,3.4498,0.5296
2026-02-08 12:18:00,2026-02-08 12:18:19,20.5500,21.1000,21.2700,0.5500,0.7200,0.5500,2.6764,24.9858,0.8470,3.4498,0.5296
2026-02-08 12:03:00,2026-02-08 12:03:20,20.7300,21.4000,21.5700,0.6700,0.8400,0.6700,3.2320,24.9858,0.8470,3.4498,0.5296
2026-02-08 11:48:00,2026-02-08 11:48:20,19.9900,22.2000,22.3700,2.2100,2.3800,2.2100,11.0555,24.9858,0.8470,3.4498,0.5296
2026-02-08 11:03:00,2026-02-08 11:03:01,16.9600,21.4000,21.5700,4.4400,4.6100,4.4400,26.1792,24.9858,0.8470,3.4498,0.5296
2026-02-08 10:48:00,2026-02-08 10:47:59,17.3600,21.5000,21.6700,4.1400,4.3100,4.1400,23.8479,24.9858,0.8470,3.4498,0.5296
2026-02-08 10:03:00,2026-02-08 10:02:42,14.4500,13.5000,13.6700,-0.9500,-0.7800,0.9500,6.5744,24.9858,0.8470,3.4498,0.5296
2026-02-08 09:48:00,2026-02-08 09:47:43,15.2300,13.1000,13.2700,-2.1300,-1.9600,2.1300,13.9856,24.9858,0.8470,3.4498,0.5296
2026-02-08 09:33:00,2026-02-08 09:32:43,14.3500,12.0000,12.1700,-2.3500,-2.1800,2.3500,16.3763,24.9858,0.8470,3.4498,0.5296
2026-02-08 09:03:00,2026-02-08 09:02:42,12.9200,13.4000,13.5700,0.4800,0.6500,0.4800,3.7152,24.9858,0.8470,3.4498,0.5296
2026-02-08 08:32:00,2026-02-08 08:32:30,11.8300,10.6000,10.7700,-1.2300,-1.0600,1.2300,10.3973,24.9858,0.8470,3.4498,0.5296
2026-02-08 08:17:00,2026-02-08 08:17:29,11.2100,8.2000,8.3700,-3.0100,-2.8400,3.0100,26.8510,24.9858,0.8470,3.4498,0.5296
2026-02-08 08:02:00,2026-02-08 08:02:28,8.5500,6.6000,6.7700,-1.9500,-1.7800,1.9500,22.8070,24.9858,0.8470,3.4498,0.5296
2026-02-08 07:47:00,2026-02-08 07:47:26,7.4040,4.6000,4.7700,-2.8040,-2.6340,2.8040,37.8714,24.9858,0.8470,3.4498,0.5296
2026-02-08 07:32:00,2026-02-08 07:32:27,6.2480,3.2000,3.3700,-3.0480,-2.8780,3.0480,48.7836,24.9858,0.8470,3.4498,0.5296
2026-02-08 07:02:00,2026-02-08 07:02:17,4.8100,3.2000,3.3700,-1.6100,-1.4400,1.6100,33.4719,24.9858,0.8470,3.4498,0.5296
2026-02-08 06:47:00,2026-02-08 06:47:15,5.8600,3.6000,3.7700,-2.2600,-2.0900,2.2600,38.5666,24.9858,0.8470,3.4498,0.5296
2026-02-08 06:32:00,2026-02-08 06:32:13,6.0510,3.9000,4.0700,-2.1510,-1.9810,2.1510,35.5478,24.9858,0.8470,3.4498,0.5296
2026-02-08 06:17:00,2026-02-08 06:17:14,6.1360,3.8000,3.9700,-2.3360,-2.1660,2.3360,38.0704,24.9858,0.8470,3.4498,0.5296
2026-02-08 05:47:00,2026-02-08 05:47:15,6.5430,3.7000,3.8700,-2.8430,-2.6730,2.8430,43.4510,24.9858,0.8470,3.4498,0.5296
2026-02-08 05:32:00,2026-02-08 05:32:17,6.3620,3.6000,3.7700,-2.7620,-2.5920,2.7620,43.4140,24.9858,0.8470,3.4498,0.5296
2026-02-08 05:17:00,2026-02-08 05:17:17,7.3120,4.2000,4.3700,-3.1120,-2.9420,3.1120,42.5602,24.9858,0.8470,3.4498,0.5296
2026-02-08 05:02:00,2026-02-08 05:02:16,7.4110,4.4000,4.5700,-3.0110,-2.8410,3.0110,40.6288,24.9858,0.8470,3.4498,0.5296
2026-02-08 04:47:00,2026-02-08 04:47:17,7.2960,4.5000,4.6700,-2.7960,-2.6260,2.7960,38.3224,24.9858,0.8470,3.4498,0.5296
2026-02-08 03:32:00,2026-02-08 03:31:48,7.7290,4.6000,4.7700,-3.1290,-2.9590,3.1290,40.4839,24.9858,0.8470,3.4498,0.5296
2026-02-08 02:47:00,2026-02-08 02:46:42,8.5100,6.3000,6.4700,-2.2100,-2.0400,2.2100,25.9694,24.9858,0.8470,3.4498,0.5296
2026-02-08 02:32:00,2026-02-08 02:31:44,8.9200,6.7000,6.8700,-2.2200,-2.0500,2.2200,24.8879,24.9858,0.8470,3.4498,0.5296
2026-02-08 02:17:00,2026-02-08 02:16:46,8.3000,5.8000,5.9700,-2.5000,-2.3300,2.5000,30.1205,24.9858,0.8470,3.4498,0.5296
2026-02-08 02:02:00,2026-02-08 02:01:47,9.1400,6.2000,6.3700,-2.9400,-2.7700,2.9400,32.1663,24.9858,0.8470,3.4498,0.5296
2026-02-08 01:47:00,2026-02-08 01:46:48,9.1000,6.3000,6.4700,-2.8000,-2.6300,2.8000,30.7692,24.9858,0.8470,3.4498,0.5296
2026-02-08 01:32:00,2026-02-08 01:31:47,9.5500,7.1000,7.2700,-2.4500,-2.2800,2.4500,25.6545,24.9858,0.8470,3.4498,0.5296
2026-02-08 01:17:00,2026-02-08 01:16:46,8.9600,6.1000,6.2700,-2.8600,-2.6900,2.8600,31.9196,24.9858,0.8470,3.4498,0.5296
2026-02-08 01:02:00,2026-02-08 01:01:48,9.8600,6.9000,7.0700,-2.9600,-2.7900,2.9600,30.0203,24.9858,0.8470,3.4498,0.5296
2026-02-08 00:47:00,2026-02-08 00:46:47,9.6900,6.8000,6.9700,-2.8900,-2.7200,2.8900,29.8246,24.9858,0.8470,3.4498,0.5296
2026-02-08 00:32:00,2026-02-08 00:31:42,10.2800,8.2000,8.3700,-2.0800,-1.9100,2.0800,20.2335,24.9858,0.8470,3.4498,0.5296
2026-02-07 23:16:00,2026-02-07 23:16:14,12.1400,8.8000,8.9700,-3.3400,-3.1700,3.3400,27.5124,24.9858,0.8470,3.4498,0.5296
2026-02-07 23:01:00,2026-02-07 23:01:15,12.6300,10.1000,10.2700,-2.5300,-2.3600,2.5300,20.0317,24.9858,0.8470,3.4498,0.5296
2026-02-07 22:31:00,2026-02-07 22:31:05,12.9300,11.2000,11.3700,-1.7300,-1.5600,1.7300,13.3797,24.9858,0.8470,3.4498,0.5296
2026-02-07 22:16:00,2026-02-07 22:16:07,13.1600,10.7000,10.8700,-2.4600,-2.2900,2.4600,18.6930,24.9858,0.8470,3.4498,0.5296
2026-02-07 22:01:00,2026-02-07 22:01:07,13.4800,12.0000,12.1700,-1.4800,-1.3100,1.4800,10.9792,24.9858,0.8470,3.4498,0.5296
2026-02-07 21:46:00,2026-02-07 21:46:09,13.8400,12.7000,12.8700,-1.1400,-0.9700,1.1400,8.2370,24.9858,0.8470,3.4498,0.5296
2026-02-07 21:16:00,2026-02-07 21:16:11,14.6400,13.2000,13.3700,-1.4400,-1.2700,1.4400,9.8361,24.9858,0.8470,3.4498,0.5296
2026-02-07 20:16:00,2026-02-07 20:16:05,17.9300,16.3000,16.4700,-1.6300,-1.4600,1.6300,9.0909,24.9858,0.8470,3.4498,0.5296
2026-02-07 20:01:00,2026-02-07 20:01:05,18.5800,17.2000,17.3700,-1.3800,-1.2100,1.3800,7.4273,24.9858,0.8470,3.4498,0.5296
2026-02-07 19:31:00,2026-02-07 19:30:54,19.3200,18.1000,18.2700,-1.2200,-1.0500,1.2200,6.3147,24.9858,0.8470,3.4498,0.5296
2026-02-07 19:16:00,2026-02-07 19:15:52,19.7900,18.8000,18.9700,-0.9900,-0.8200,0.9900,5.0025,24.9858,0.8470,3.4498,0.5296
2026-02-07 16:15:00,2026-02-07 16:14:33,23.0500,22.8000,22.9700,-0.2500,-0.0800,0.2500,1.0846,24.9858,0.8470,3.4498,0.5296
2026-02-07 16:00:00,2026-02-07 15:59:34,23.0200,23.8000,23.9700,0.7800,0.9500,0.7800,3.3884,24.9858,0.8470,3.4498,0.5296
2026-02-07 15:45:00,2026-02-07 15:44:34,22.5100,24.5000,24.6700,1.9900,2.1600,1.9900,8.8405,24.9858,0.8470,3.4498,0.5296
2026-02-07 15:30:00,2026-02-07 15:29:32,23.3200,24.4000,24.5700,1.0800,1.2500,1.0800,4.6312,24.9858,0.8470,3.4498,0.5296
2026-02-07 15:15:00,2026-02-07 15:14:31,22.4700,22.9000,23.0700,0.4300,0.6000,0.4300,1.9137,24.9858,0.8470,3.4498,0.5296
2026-02-07 14:29:00,2026-02-07 14:29:17,22.1900,22.0000,22.1700,-0.1900,-0.0200,0.1900,0.8562,24.9858,0.8470,3.4498,0.5296
2026-02-07 14:14:00,2026-02-07 14:14:18,22.0600,22.1000,22.2700,0.0400,0.2100,0.0400,0.1813,24.9858,0.8470,3.4498,0.5296
2026-02-07 13:59:00,2026-02-07 13:59:18,22.0200,21.5000,21.6700,-0.5200,-0.3500,0.5200,2.3615,24.9858,0.8470,3.4498,0.5296
2026-02-07 13:44:00,2026-02-07 13:44:18,21.3100,21.2000,21.3700,-0.1100,0.0600,0.1100,0.5162,24.9858,0.8470,3.4498,0.5296
2026-02-07 13:29:00,2026-02-07 13:29:20,21.6600,21.4000,21.5700,-0.2600,-0.0900,0.2600,1.2004,24.9858,0.8470,3.4498,0.5296
2026-02-07 13:14:00,2026-02-07 13:14:18,20.7500,20.3000,20.4700,-0.4500,-0.2800,0.4500,2.1687,24.9858,0.8470,3.4498,0.5296
2026-02-07 12:59:00,2026-02-07 12:59:19,21.2100,20.9000,21.0700,-0.3100,-0.1400,0.3100,1.4616,24.9858,0.8470,3.4498,0.5296
2026-02-07 12:44:00,2026-02-07 12:44:21,20.3500,20.1000,20.2700,-0.2500,-0.0800,0.2500,1.2285,24.9858,0.8470,3.4498,0.5296
2026-02-07 12:14:00,2026-02-07 12:14:14,19.9900,19.6000,19.7700,-0.3900,-0.2200,0.3900,1.9510,24.9858,0.8470,3.4498,0.5296
2026-02-07 11:59:00,2026-02-07 11:59:13,19.1500,19.8000,19.9700,0.6500,0.8200,0.6500,3.3943,24.9858,0.8470,3.4498,0.5296
2026-02-07 11:44:00,2026-02-07 11:44:02,19.0900,20.5000,20.6700,1.4100,1.5800,1.4100,7.3861,24.9858,0.8470,3.4498,0.5296
2026-02-07 11:29:00,2026-02-07 11:29:00,17.8300,20.5000,20.6700,2.6700,2.8400,2.6700,14.9748,24.9858,0.8470,3.4498,0.5296
2026-02-07 11:14:00,2026-02-07 11:14:00,17.4100,20.5000,20.6700,3.0900,3.2600,3.0900,17.7484,24.9858,0.8470,3.4498,0.5296
2026-02-07 10:59:00,2026-02-07 10:59:01,17.0100,21.4000,21.5700,4.3900,4.5600,4.3900,25.8083,24.9858,0.8470,3.4498,0.5296
2026-02-07 10:44:00,2026-02-07 10:44:01,16.0400,19.2000,19.3700,3.1600,3.3300,3.1600,19.7007,24.9858,0.8470,3.4498,0.5296
2026-02-07 10:29:00,2026-02-07 10:29:01,15.4100,14.6000,14.7700,-0.8100,-0.6400,0.8100,5.2563,24.9858,0.8470,3.4498,0.5296
2026-02-07 10:14:00,2026-02-07 10:14:01,14.3900,12.7000,12.8700,-1.6900,-1.5200,1.6900,11.7443,24.9858,0.8470,3.4498,0.5296
2026-02-07 09:14:00,2026-02-07 09:13:43,12.5100,11.7000,11.8700,-0.8100,-0.6400,0.8100,6.4748,24.9858,0.8470,3.4498,0.5296
2026-02-07 08:44:00,2026-02-07 08:43:36,11.0500,9.7000,9.8700,-1.3500,-1.1800,1.3500,12.2172,24.9858,0.8470,3.4498,0.5296
2026-02-07 08:13:00,2026-02-07 08:13:23,7.6140,4.8000,4.9700,-2.8140,-2.6440,2.8140,36.9582,24.9858,0.8470,3.4498,0.5296
2026-02-07 07:58:00,2026-02-07 07:58:21,6.0630,3.1000,3.2700,-2.9630,-2.7930,2.9630,48.8702,24.9858,0.8470,3.4498,0.5296
2026-02-07 07:43:00,2026-02-07 07:43:16,5.9020,2.9000,3.0700,-3.0020,-2.8320,3.0020,50.8641,24.9858,0.8470,3.4498,0.5296
2026-02-07 07:28:00,2026-02-07 07:28:13,5.6200,3.0000,3.1700,-2.6200,-2.4500,2.6200,46.6192,24.9858,0.8470,3.4498,0.5296
2026-02-07 07:13:00,2026-02-07 07:13:09,5.3350,2.8000,2.9700,-2.5350,-2.3650,2.5350,47.5164,24.9858,0.8470,3.4498,0.5296
2026-02-07 06:58:00,2026-02-07 06:58:05,5.5380,2.7000,2.8700,-2.8380,-2.6680,2.8380,51.2459,24.9858,0.8470,3.4498,0.5296
2026-02-07 06:43:00,2026-02-07 06:42:57,5.6750,2.9000,3.0700,-2.7750,-2.6050,2.7750,48.8987,24.9858,0.8470,3.4498,0.5296
2026-02-07 06:28:00,2026-02-07 06:27:52,5.7210,3.2000,3.3700,-2.5210,-2.3510,2.5210,44.0657,24.9858,0.8470,3.4498,0.5296
2026-02-07 06:13:00,2026-02-07 06:12:51,6.1390,3.5000,3.6700,-2.6390,-2.4690,2.6390,42.9875,24.9858,0.8470,3.4498,0.5296
2026-02-07 05:58:00,2026-02-07 05:57:51,6.5410,3.8000,3.9700,-2.7410,-2.5710,2.7410,41.9049,24.9858,0.8470,3.4498,0.5296
2026-02-07 05:28:00,2026-02-07 05:27:39,6.6310,3.8000,3.9700,-2.8310,-2.6610,2.8310,42.6934,24.9858,0.8470,3.4498,0.5296
2026-02-07 05:13:00,2026-02-07 05:12:37,6.7710,3.7000,3.8700,-3.0710,-2.9010,3.0710,45.3552,24.9858,0.8470,3.4498,0.5296
2026-02-07 04:58:00,2026-02-07 04:57:39,6.5640,3.6000,3.7700,-2.9640,-2.7940,2.9640,45.1554,24.9858,0.8470,3.4498,0.5296
2026-02-07 04:12:00,2026-02-07 04:12:30,7.3540,4.7000,4.8700,-2.6540,-2.4840,2.6540,36.0892,24.9858,0.8470,3.4498,0.5296
2026-02-07 03:57:00,2026-02-07 03:57:26,7.4090,4.3000,4.4700,-3.1090,-2.9390,3.1090,41.9625,24.9858,0.8470,3.4498,0.5296
2026-02-07 03:27:00,2026-02-07 03:27:20,8.3200,5.1000,5.2700,-3.2200,-3.0500,3.2200,38.7019,24.9858,0.8470,3.4498,0.5296
2026-02-07 02:57:00,2026-02-07 02:57:13,8.5500,6.1000,6.2700,-2.4500,-2.2800,2.4500,28.6550,24.9858,0.8470,3.4498,0.5296
2026-02-07 02:42:00,2026-02-07 02:42:14,8.8000,6.1000,6.2700,-2.7000,-2.5300,2.7000,30.6818,24.9858,0.8470,3.4498,0.5296
2026-02-07 02:27:00,2026-02-07 02:27:13,9.1400,6.8000,6.9700,-2.3400,-2.1700,2.3400,25.6018,24.9858,0.8470,3.4498,0.5296
2026-02-07 02:12:00,2026-02-07 02:12:13,9.3300,7.0000,7.1700,-2.3300,-2.1600,2.3300,24.9732,24.9858,0.8470,3.4498,0.5296
2026-02-07 01:57:00,2026-02-07 01:57:10,9.6700,7.5000,7.6700,-2.1700,-2.0000,2.1700,22.4405,24.9858,0.8470,3.4498,0.5296
2026-02-07 01:27:00,2026-02-07 01:27:03,9.6900,7.0000,7.1700,-2.6900,-2.5200,2.6900,27.7606,24.9858,0.8470,3.4498,0.5296
2026-02-07 01:12:00,2026-02-07 01:12:03,10.1100,7.5000,7.6700,-2.6100,-2.4400,2.6100,25.8160,24.9858,0.8470,3.4498,0.5296
2026-02-07 00:57:00,2026-02-07 00:57:03,10.4900,8.3000,8.4700,-2.1900,-2.0200,2.1900,20.8770,24.9858,0.8470,3.4498,0.5296
2026-02-07 00:42:00,2026-02-07 00:42:05,10.5400,8.7000,8.8700,-1.8400,-1.6700,1.8400,17.4573,24.9858,0.8470,3.4498,0.5296
2026-02-07 00:27:00,2026-02-07 00:27:04,10.7800,8.9000,9.0700,-1.8800,-1.7100,1.8800,17.4397,24.9858,0.8470,3.4498,0.5296
2026-02-07 00:12:00,2026-02-07 00:12:05,10.8800,9.1000,9.2700,-1.7800,-1.6100,1.7800,16.3603,24.9858,0.8470,3.4498,0.5296
2026-02-06 23:42:00,2026-02-06 23:41:56,11.3800,9.3000,9.4700,-2.0800,-1.9100,2.0800,18.2777,24.9858,0.8470,3.4498,0.5296
2026-02-06 23:27:00,2026-02-06 23:26:54,11.9200,9.5000,9.6700,-2.4200,-2.2500,2.4200,20.3020,24.9858,0.8470,3.4498,0.5296
2026-02-06 23:12:00,2026-02-06 23:11:53,12.6100,10.1000,10.2700,-2.5100,-2.3400,2.5100,19.9048,24.9858,0.8470,3.4498,0.5296
2026-02-06 21:11:00,2026-02-06 21:11:00,15.4600,14.6000,14.7700,-0.8600,-0.6900,0.8600,5.5627,24.9858,0.8470,3.4498,0.5296
2026-02-06 20:56:00,2026-02-06 20:56:01,15.8500,15.0000,15.1700,-0.8500,-0.6800,0.8500,5.3628,24.9858,0.8470,3.4498,0.5296
2026-02-06 20:41:00,2026-02-06 20:41:01,16.1600,15.4000,15.5700,-0.7600,-0.5900,0.7600,4.7030,24.9858,0.8470,3.4498,0.5296
2026-02-06 20:11:00,2026-02-06 20:10:53,16.9600,16.1000,16.2700,-0.8600,-0.6900,0.8600,5.0708,24.9858,0.8470,3.4498,0.5296
2026-02-06 19:41:00,2026-02-06 19:40:47,17.7200,16.8000,16.9700,-0.9200,-0.7500,0.9200,5.1919,24.9858,0.8470,3.4498,0.5296
2026-02-06 17:55:00,2026-02-06 17:55:01,20.4100,20.0000,20.1700,-0.4100,-0.2400,0.4100,2.0088,24.9858,0.8470,3.4498,0.5296
2026-02-06 16:54:00,2026-02-06 16:54:29,21.7100,21.8000,21.9700,0.0900,0.2600,0.0900,0.4146,24.9858,0.8470,3.4498,0.5296
2026-02-06 15:24:00,2026-02-06 15:23:51,21.5700,22.1000,22.2700,0.5300,0.7000,0.5300,2.4571,24.9858,0.8470,3.4498,0.5296
2026-02-06 11:37:00,2026-02-06 11:36:56,17.5600,20.8000,20.9700,3.2400,3.4100,3.2400,18.4510,24.9858,0.8470,3.4498,0.5296
2026-02-06 11:07:00,2026-02-06 11:06:45,16.9500,20.6000,20.7700,3.6500,3.8200,3.6500,21.5339,24.9858,0.8470,3.4498,0.5296
2026-02-06 08:50:00,2026-02-06 08:50:08,12.7800,11.7000,11.8700,-1.0800,-0.9100,1.0800,8.4507,24.9858,0.8470,3.4498,0.5296
2026-02-06 08:35:00,2026-02-06 08:35:07,11.2100,9.5000,9.6700,-1.7100,-1.5400,1.7100,15.2542,24.9858,0.8470,3.4498,0.5296
2026-02-06 08:20:00,2026-02-06 08:19:56,10.2900,7.7000,7.8700,-2.5900,-2.4200,2.5900,25.1701,24.9858,0.8470,3.4498,0.5296
2026-02-06 07:34:00,2026-02-06 07:34:26,7.3470,4.9000,5.0700,-2.4470,-2.2770,2.4470,33.3061,24.9858,0.8470,3.4498,0.5296
2026-02-06 05:32:00,2026-02-06 05:32:20,7.7290,5.4000,5.5700,-2.3290,-2.1590,2.3290,30.1333,24.9858,0.8470,3.4498,0.5296
2026-02-06 05:17:00,2026-02-06 05:17:19,7.8320,5.4000,5.5700,-2.4320,-2.2620,2.4320,31.0521,24.9858,0.8470,3.4498,0.5296
2026-02-06 04:47:00,2026-02-06 04:47:18,7.9090,5.8000,5.9700,-2.1090,-1.9390,2.1090,26.6658,24.9858,0.8470,3.4498,0.5296
2026-02-06 04:32:00,2026-02-06 04:32:14,8.0100,5.5000,5.6700,-2.5100,-2.3400,2.5100,31.3358,24.9858,0.8470,3.4498,0.5296
2026-02-06 03:32:00,2026-02-06 03:32:08,8.5800,6.4000,6.5700,-2.1800,-2.0100,2.1800,25.4079,24.9858,0.8470,3.4498,0.5296
2026-02-06 02:47:00,2026-02-06 02:46:33,9.4100,7.2000,7.3700,-2.2100,-2.0400,2.2100,23.4857,24.9858,0.8470,3.4498,0.5296
2026-02-06 02:32:00,2026-02-06 02:31:34,9.6700,7.2000,7.3700,-2.4700,-2.3000,2.4700,25.5429,24.9858,0.8470,3.4498,0.5296
2026-02-06 02:17:00,2026-02-06 02:16:34,9.9200,8.1000,8.2700,-1.8200,-1.6500,1.8200,18.3468,24.9858,0.8470,3.4498,0.5296
2026-02-06 02:02:00,2026-02-06 02:01:36,9.8100,7.6000,7.7700,-2.2100,-2.0400,2.2100,22.5280,24.9858,0.8470,3.4498,0.5296
2026-02-06 01:47:00,2026-02-06 01:46:38,9.9500,7.8000,7.9700,-2.1500,-1.9800,2.1500,21.6080,24.9858,0.8470,3.4498,0.5296
2026-02-06 01:32:00,2026-02-06 01:31:39,9.7800,8.0000,8.1700,-1.7800,-1.6100,1.7800,18.2004,24.9858,0.8470,3.4498,0.5296
2026-02-06 01:17:00,2026-02-06 01:16:39,10.2200,8.1000,8.2700,-2.1200,-1.9500,2.1200,20.7436,24.9858,0.8470,3.4498,0.5296
2026-02-06 01:02:00,2026-02-06 01:01:40,10.2300,8.0000,8.1700,-2.2300,-2.0600,2.2300,21.7986,24.9858,0.8470,3.4498,0.5296
2026-02-06 00:32:00,2026-02-06 00:31:44,11.2600,8.8000,8.9700,-2.4600,-2.2900,2.4600,21.8472,24.9858,0.8470,3.4498,0.5296
2026-02-06 00:17:00,2026-02-06 00:16:46,11.0900,8.7000,8.8700,-2.3900,-2.2200,2.3900,21.5509,24.9858,0.8470,3.4498,0.5296
2026-02-06 00:02:00,2026-02-06 00:01:48,10.9700,9.4000,9.5700,-1.5700,-1.4000,1.5700,14.3118,24.9858,0.8470,3.4498,0.5296
2026-02-05 23:47:00,2026-02-05 23:46:49,11.6300,9.8000,9.9700,-1.8300,-1.6600,1.8300,15.7352,24.9858,0.8470,3.4498,0.5296
2026-02-05 23:32:00,2026-02-05 23:31:52,12.0600,10.0000,10.1700,-2.0600,-1.8900,2.0600,17.0813,24.9858,0.8470,3.4498,0.5296
2026-02-05 23:17:00,2026-02-05 23:16:53,12.5600,10.3000,10.4700,-2.2600,-2.0900,2.2600,17.9936,24.9858,0.8470,3.4498,0.5296
2026-02-05 23:02:00,2026-02-05 23:01:55,12.6300,10.4000,10.5700,-2.2300,-2.0600,2.2300,17.6564,24.9858,0.8470,3.4498,0.5296
2026-02-05 22:47:00,2026-02-05 22:46:58,12.8200,10.3000,10.4700,-2.5200,-2.3500,2.5200,19.6568,24.9858,0.8470,3.4498,0.5296
2026-02-05 22:32:00,2026-02-05 22:32:00,13.3700,11.6000,11.7700,-1.7700,-1.6000,1.7700,13.2386,24.9858,0.8470,3.4498,0.5296
2026-02-05 21:46:00,2026-02-05 21:46:09,14.5300,13.0000,13.1700,-1.5300,-1.3600,1.5300,10.5299,24.9858,0.8470,3.4498,0.5296
2026-02-05 21:31:00,2026-02-05 21:31:10,14.7900,13.5000,13.6700,-1.2900,-1.1200,1.2900,8.7221,24.9858,0.8470,3.4498,0.5296
2026-02-05 21:16:00,2026-02-05 21:15:56,14.9300,13.7000,13.8700,-1.2300,-1.0600,1.2300,8.2384,24.9858,0.8470,3.4498,0.5296
2026-02-05 21:01:00,2026-02-05 21:00:58,15.1600,14.1000,14.2700,-1.0600,-0.8900,1.0600,6.9921,24.9858,0.8470,3.4498,0.5296
2026-02-05 20:46:00,2026-02-05 20:46:00,15.4000,14.7000,14.8700,-0.7000,-0.5300,0.7000,4.5455,24.9858,0.8470,3.4498,0.5296
2026-02-05 20:31:00,2026-02-05 20:31:01,15.7100,15.0000,15.1700,-0.7100,-0.5400,0.7100,4.5194,24.9858,0.8470,3.4498,0.5296
2026-02-05 20:16:00,2026-02-05 20:15:58,15.7100,15.1000,15.2700,-0.6100,-0.4400,0.6100,3.8829,24.9858,0.8470,3.4498,0.5296
2026-02-05 20:01:00,2026-02-05 20:01:00,15.8500,15.0000,15.1700,-0.8500,-0.6800,0.8500,5.3628,24.9858,0.8470,3.4498,0.5296
2026-02-05 19:46:00,2026-02-05 19:46:01,16.0000,15.4000,15.5700,-0.6000,-0.4300,0.6000,3.7500,24.9858,0.8470,3.4498,0.5296
2026-02-05 19:16:00,2026-02-05 19:15:53,16.3700,15.1000,15.2700,-1.2700,-1.1000,1.2700,7.7581,24.9858,0.8470,3.4498,0.5296
2026-02-05 19:01:00,2026-02-05 19:00:52,16.6700,15.2000,15.3700,-1.4700,-1.3000,1.4700,8.8182,24.9858,0.8470,3.4498,0.5296
2026-02-05 18:46:00,2026-02-05 18:45:54,17.0800,15.8000,15.9700,-1.2800,-1.1100,1.2800,7.4941,24.9858,0.8470,3.4498,0.5296
2026-02-05 18:31:00,2026-02-05 18:30:50,17.2100,16.4000,16.5700,-0.8100,-0.6400,0.8100,4.7066,24.9858,0.8470,3.4498,0.5296
2026-02-05 18:16:00,2026-02-05 18:15:50,17.4000,16.5000,16.6700,-0.9000,-0.7300,0.9000,5.1724,24.9858,0.8470,3.4498,0.5296
2026-02-05 18:01:00,2026-02-05 18:00:47,17.4400,16.8000,16.9700,-0.6400,-0.4700,0.6400,3.6697,24.9858,0.8470,3.4498,0.5296
2026-02-05 17:46:00,2026-02-05 17:45:45,17.4400,16.9000,17.0700,-0.5400,-0.3700,0.5400,3.0963,24.9858,0.8470,3.4498,0.5296
2026-02-05 17:31:00,2026-02-05 17:30:42,17.5800,17.2000,17.3700,-0.3800,-0.2100,0.3800,2.1615,24.9858,0.8470,3.4498,0.5296
2026-02-05 17:01:00,2026-02-05 17:00:33,17.6700,17.7000,17.8700,0.0300,0.2000,0.0300,0.1698,24.9858,0.8470,3.4498,0.5296
2026-02-05 16:31:00,2026-02-05 16:30:34,17.7200,18.1000,18.2700,0.3800,0.5500,0.3800,2.1445,24.9858,0.8470,3.4498,0.5296
2026-02-05 16:15:00,2026-02-05 16:15:24,18.5900,18.7000,18.8700,0.1100,0.2800,0.1100,0.5917,24.9858,0.8470,3.4498,0.5296
2026-02-05 16:00:00,2026-02-05 16:00:27,17.8800,19.2000,19.3700,1.3200,1.4900,1.3200,7.3826,24.9858,0.8470,3.4498,0.5296
2026-02-05 15:45:00,2026-02-05 15:45:25,19.1300,20.0000,20.1700,0.8700,1.0400,0.8700,4.5478,24.9858,0.8470,3.4498,0.5296
2026-02-05 08:26:00,2026-02-05 08:26:09,10.0300,17.8000,17.9700,7.7700,7.9400,7.7700,77.4676,24.9858,0.8470,3.4498,0.5296
2026-02-05 07:56:00,2026-02-05 07:56:11,9.9200,17.9000,18.0700,7.9800,8.1500,7.9800,80.4435,24.9858,0.8470,3.4498,0.5296
2026-02-05 07:26:00,2026-02-05 07:26:09,10.0500,18.4000,18.5700,8.3500,8.5200,8.3500,83.0846,24.9858,0.8470,3.4498,0.5296
2026-02-05 07:11:00,2026-02-05 07:11:08,10.0100,18.4000,18.5700,8.3900,8.5600,8.3900,83.8162,24.9858,0.8470,3.4498,0.5296
2026-02-05 06:56:00,2026-02-05 06:56:10,10.0500,18.5000,18.6700,8.4500,8.6200,8.4500,84.0796,24.9858,0.8470,3.4498,0.5296
2026-02-05 06:41:00,2026-02-05 06:41:12,10.0500,18.5000,18.6700,8.4500,8.6200,8.4500,84.0796,24.9858,0.8470,3.4498,0.5296
2026-02-05 06:26:00,2026-02-05 06:26:10,10.0500,18.5000,18.6700,8.4500,8.6200,8.4500,84.0796,24.9858,0.8470,3.4498,0.5296
2026-02-05 06:11:00,2026-02-05 06:11:09,9.8700,18.5000,18.6700,8.6300,8.8000,8.6300,87.4367,24.9858,0.8470,3.4498,0.5296
2026-02-05 05:56:00,2026-02-05 05:56:10,9.8700,18.5000,18.6700,8.6300,8.8000,8.6300,87.4367,24.9858,0.8470,3.4498,0.5296
2026-02-05 05:41:00,2026-02-05 05:41:11,9.9200,18.6000,18.7700,8.6800,8.8500,8.6800,87.5000,24.9858,0.8470,3.4498,0.5296
2026-02-05 05:26:00,2026-02-05 05:26:13,10.1000,18.5000,18.6700,8.4000,8.5700,8.4000,83.1683,24.9858,0.8470,3.4498,0.5296
2026-02-05 05:11:00,2026-02-05 05:11:15,10.0500,18.5000,18.6700,8.4500,8.6200,8.4500,84.0796,24.9858,0.8470,3.4498,0.5296
2026-02-05 04:56:00,2026-02-05 04:56:13,10.1000,18.5000,18.6700,8.4000,8.5700,8.4000,83.1683,24.9858,0.8470,3.4498,0.5296
2026-02-05 04:41:00,2026-02-05 04:41:15,10.1900,18.5000,18.6700,8.3100,8.4800,8.3100,81.5505,24.9858,0.8470,3.4498,0.5296
2026-02-05 04:26:00,2026-02-05 04:26:13,10.2800,18.6000,18.7700,8.3200,8.4900,8.3200,80.9339,24.9858,0.8470,3.4498,0.5296
2026-02-05 04:11:00,2026-02-05 04:11:14,10.3700,18.6000,18.7700,8.2300,8.4000,8.2300,79.3635,24.9858,0.8470,3.4498,0.5296
2026-02-05 03:56:00,2026-02-05 03:56:15,10.3300,18.7000,18.8700,8.3700,8.5400,8.3700,81.0261,24.9858,0.8470,3.4498,0.5296
2026-02-05 03:41:00,2026-02-05 03:41:17,10.3700,18.7000,18.8700,8.3300,8.5000,8.3300,80.3279,24.9858,0.8470,3.4498,0.5296
2026-02-05 03:26:00,2026-02-05 03:26:19,10.4700,18.8000,18.9700,8.3300,8.5000,8.3300,79.5606,24.9858,0.8470,3.4498,0.5296
2026-02-05 03:11:00,2026-02-05 03:11:20,10.6100,18.8000,18.9700,8.1900,8.3600,8.1900,77.1913,24.9858,0.8470,3.4498,0.5296
2026-02-05 02:56:00,2026-02-05 02:56:22,10.6500,18.8000,18.9700,8.1500,8.3200,8.1500,76.5258,24.9858,0.8470,3.4498,0.5296
2026-02-05 02:41:00,2026-02-05 02:41:23,10.7100,18.9000,19.0700,8.1900,8.3600,8.1900,76.4706,24.9858,0.8470,3.4498,0.5296
2026-02-05 02:26:00,2026-02-05 02:26:24,10.7600,18.9000,19.0700,8.1400,8.3100,8.1400,75.6506,24.9858,0.8470,3.4498,0.5296
2026-02-05 02:11:00,2026-02-05 02:11:25,10.9200,18.9000,19.0700,7.9800,8.1500,7.9800,73.0769,24.9858,0.8470,3.4498,0.5296
2026-02-05 01:56:00,2026-02-05 01:56:26,10.9100,19.0000,19.1700,8.0900,8.2600,8.0900,74.1522,24.9858,0.8470,3.4498,0.5296
2026-02-05 01:41:00,2026-02-05 01:41:28,10.8700,19.0000,19.1700,8.1300,8.3000,8.1300,74.7930,24.9858,0.8470,3.4498,0.5296
2026-02-05 01:26:00,2026-02-05 01:26:29,11.1100,19.1000,19.2700,7.9900,8.1600,7.9900,71.9172,24.9858,0.8470,3.4498,0.5296
2026-02-05 01:12:00,2026-02-05 01:11:30,11.3800,19.2000,19.3700,7.8200,7.9900,7.8200,68.7170,24.9858,0.8470,3.4498,0.5296
2026-02-05 00:57:00,2026-02-05 00:56:32,11.4200,19.2000,19.3700,7.7800,7.9500,7.7800,68.1261,24.9858,0.8470,3.4498,0.5296
2026-02-05 00:42:00,2026-02-05 00:41:33,11.4700,19.2000,19.3700,7.7300,7.9000,7.7300,67.3932,24.9858,0.8470,3.4498,0.5296
2026-02-05 00:27:00,2026-02-05 00:26:34,11.4400,19.2000,19.3700,7.7600,7.9300,7.7600,67.8322,24.9858,0.8470,3.4498,0.5296
2026-02-05 00:12:00,2026-02-05 00:11:36,11.6200,19.3000,19.4700,7.6800,7.8500,7.6800,66.0929,24.9858,0.8470,3.4498,0.5296
2026-02-04 23:57:00,2026-02-04 23:56:38,11.6900,19.3000,19.4700,7.6100,7.7800,7.6100,65.0984,24.9858,0.8470,3.4498,0.5296
2026-02-04 23:42:00,2026-02-04 23:41:39,12.1100,19.4000,19.5700,7.2900,7.4600,7.2900,60.1982,24.9858,0.8470,3.4498,0.5296
2026-02-04 23:27:00,2026-02-04 23:26:41,12.2600,19.4000,19.5700,7.1400,7.3100,7.1400,58.2382,24.9858,0.8470,3.4498,0.5296
2026-02-04 23:12:00,2026-02-04 23:11:43,12.3500,19.5000,19.6700,7.1500,7.3200,7.1500,57.8947,24.9858,0.8470,3.4498,0.5296
2026-02-04 22:57:00,2026-02-04 22:56:44,12.6100,19.5000,19.6700,6.8900,7.0600,6.8900,54.6392,24.9858,0.8470,3.4498,0.5296
2026-02-04 22:42:00,2026-02-04 22:41:45,12.7000,19.5000,19.6700,6.8000,6.9700,6.8000,53.5433,24.9858,0.8470,3.4498,0.5296
2026-02-04 22:27:00,2026-02-04 22:26:46,12.8600,19.6000,19.7700,6.7400,6.9100,6.7400,52.4106,24.9858,0.8470,3.4498,0.5296
2026-02-04 22:12:00,2026-02-04 22:11:47,13.1200,19.6000,19.7700,6.4800,6.6500,6.4800,49.3902,24.9858,0.8470,3.4498,0.5296
2026-02-04 21:57:00,2026-02-04 21:56:49,13.5200,19.7000,19.8700,6.1800,6.3500,6.1800,45.7101,24.9858,0.8470,3.4498,0.5296
2026-02-04 21:42:00,2026-02-04 21:41:48,13.7000,19.8000,19.9700,6.1000,6.2700,6.1000,44.5255,24.9858,0.8470,3.4498,0.5296
2026-02-04 21:27:00,2026-02-04 21:26:49,14.0300,19.9000,20.0700,5.8700,6.0400,5.8700,41.8389,24.9858,0.8470,3.4498,0.5296
2026-02-04 21:12:00,2026-02-04 21:11:51,14.9800,19.9000,20.0700,4.9200,5.0900,4.9200,32.8438,24.9858,0.8470,3.4498,0.5296
2026-02-04 20:57:00,2026-02-04 20:56:52,15.0800,19.9000,20.0700,4.8200,4.9900,4.8200,31.9629,24.9858,0.8470,3.4498,0.5296
2026-02-04 20:42:00,2026-02-04 20:41:54,14.9800,20.0000,20.1700,5.0200,5.1900,5.0200,33.5113,24.9858,0.8470,3.4498,0.5296
2026-02-04 20:27:00,2026-02-04 20:26:55,14.8400,20.1000,20.2700,5.2600,5.4300,5.2600,35.4447,24.9858,0.8470,3.4498,0.5296
2026-02-04 20:12:00,2026-02-04 20:11:57,15.3500,20.2000,20.3700,4.8500,5.0200,4.8500,31.5961,24.9858,0.8470,3.4498,0.5296
2026-02-04 19:57:00,2026-02-04 19:56:59,15.6200,20.3000,20.4700,4.6800,4.8500,4.6800,29.9616,24.9858,0.8470,3.4498,0.5296
2026-02-04 19:42:00,2026-02-04 19:42:00,15.7100,20.4000,20.5700,4.6900,4.8600,4.6900,29.8536,24.9858,0.8470,3.4498,0.5296
2026-02-04 19:27:00,2026-02-04 19:27:02,16.1200,20.6000,20.7700,4.4800,4.6500,4.4800,27.7916,24.9858,0.8470,3.4498,0.5296
2026-02-04 19:12:00,2026-02-04 19:12:04,15.8900,20.8000,20.9700,4.9100,5.0800,4.9100,30.8999,24.9858,0.8470,3.4498,0.5296
2026-02-04 18:57:00,2026-02-04 18:57:05,16.9100,21.1000,21.2700,4.1900,4.3600,4.1900,24.7782,24.9858,0.8470,3.4498,0.5296
2026-02-04 18:42:00,2026-02-04 18:42:07,16.9400,21.6000,21.7700,4.6600,4.8300,4.6600,27.5089,24.9858,0.8470,3.4498,0.5296
2026-02-04 18:27:00,2026-02-04 18:27:10,16.9000,22.2000,22.3700,5.3000,5.4700,5.3000,31.3609,24.9858,0.8470,3.4498,0.5296
2026-02-04 18:12:00,2026-02-04 18:12:13,18.6300,22.1000,22.2700,3.4700,3.6400,3.4700,18.6259,24.9858,0.8470,3.4498,0.5296
2026-02-04 18:08:00,2026-02-04 18:07:53,19.2800,22.2000,22.3700,2.9200,3.0900,2.9200,15.1452,24.9858,0.8470,3.4498,0.5296
2026-02-04 17:53:00,2026-02-04 17:53:25,20.2300,22.2000,22.3700,1.9700,2.1400,1.9700,9.7380,24.9858,0.8470,3.4498,0.5296
2026-02-04 17:45:00,2026-02-04 17:44:56,20.4200,22.3000,22.4700,1.8800,2.0500,1.8800,9.2067,24.9858,0.8470,3.4498,0.5296
2026-02-04 17:44:00,2026-02-04 17:44:25,20.4500,22.3000,22.4700,1.8500,2.0200,1.8500,9.0465,24.9858,0.8470,3.4498,0.5296
